level_0,index,Wiki ID,Freebase ID,Movie name,Release date,Revenue,Runtime,Languages,Genres,Noms_Pays,Continent
81,177,9944484,/m/04dld6,The Battle of Algiers,1966-09-03,,121.0,"{""/m/064_8sq"": ""French Language"", ""/m/0jzc"": ""Arabic Language"", ""/m/02bjrlw"": ""Italian Language"", ""/m/02h40lc"": ""English Language""}","{""/m/0lsxr"": ""Crime Fiction"", ""/m/03q4nz"": ""World cinema"", ""/m/07s9rl0"": ""Drama"", ""/m/082gq"": ""War film"", ""/m/03mqtr"": ""Political drama"", ""/m/03hn0"": ""Historical drama""}",Algeria,Africa
86,190,26137128,/m/0b6dn1z,The Bone Snatcher,2003-12-23,,91.0,"{""/m/02h40lc"": ""English Language""}","{""/m/03npn"": ""Horror""}",South Africa,Africa
443,989,34953631,/m/0j42qn1,La Fenêtre,2006-05-30,,13.0,"{""/m/02h40lc"": ""English Language""}","{""/m/02hmvc"": ""Short Film""}",Morocco,Africa
492,1106,26967925,/m/0bj75qd,Outside the Law,2010-09-22,,137.0,"{""/m/064_8sq"": ""French Language"", ""/m/0jzc"": ""Arabic Language""}","{""/m/03g3w"": ""History"", ""/m/02kdv5l"": ""Action"", ""/m/07s9rl0"": ""Drama"", ""/m/03q4nz"": ""World cinema""}",Algeria,Africa
492,1106,26967925,/m/0bj75qd,Outside the Law,2010-09-22,,137.0,"{""/m/064_8sq"": ""French Language"", ""/m/0jzc"": ""Arabic Language""}","{""/m/03g3w"": ""History"", ""/m/02kdv5l"": ""Action"", ""/m/07s9rl0"": ""Drama"", ""/m/03q4nz"": ""World cinema""}",Tunisia,Africa
682,1521,34983991,/m/0bdwj30,Lettre d'amour zoulou,2004-09-08,,105.0,"{""/m/021wr6"": ""French Sign Language"", ""/m/0gndv"": ""Zulu Language"", ""/m/02h40lc"": ""English Language""}","{""/m/07s9rl0"": ""Drama""}",South Africa,Africa
779,1738,25411775,/m/04jbt9x,A Reasonable Man,1999-08-13,45000.0,103.0,"{""/m/02h40lc"": ""English Language""}","{""/m/0lsxr"": ""Crime Fiction"", ""/m/02n4kr"": ""Mystery"", ""/m/07s9rl0"": ""Drama"", ""/m/01jfsb"": ""Thriller"", ""/m/05bh16v"": ""Courtroom Drama""}",South Africa,Africa
1672,3709,23215210,/m/065y3xg,Death Drums Along the River,1963-12-20,,83.0,"{""/m/02h40lc"": ""English Language""}","{""/m/0lsxr"": ""Crime Fiction"", ""/m/01jfsb"": ""Thriller"", ""/m/03k9fj"": ""Adventure""}",South Africa,Africa
2084,4660,1102282,/m/046488,Hotel Rwanda,2004-09-11,33882243.0,122.0,"{""/m/064_8sq"": ""French Language"", ""/m/02h40lc"": ""English Language""}","{""/m/017fp"": ""Biography"", ""/m/03g3w"": ""History"", ""/m/01f9r0"": ""Docudrama"", ""/m/07s9rl0"": ""Drama"", ""/m/082gq"": ""War film"", ""/m/03mqtr"": ""Political drama""}",South Africa,Africa
2326,5190,24030176,/m/07kbtrw,Friends,1993-05-22,,112.0,"{""/m/02h40lc"": ""English Language""}","{""/m/07s9rl0"": ""Drama""}",South Africa,Africa
2388,5317,34995074,/m/0j62vhv,50 Years! Of Love?,2008-07-24,,89.0,"{""/m/02h40lc"": ""English Language""}","{""/m/0jtdp"": ""Documentary""}",South Africa,Africa
2680,6014,2048925,/m/06hhqq,Othello,1952-11-19,,90.0,"{""/m/02h40lc"": ""English Language""}","{""/m/0fx2s"": ""Tragedy"", ""/m/04xvh5"": ""Costume drama"", ""/m/06l3bl"": ""Epic"", ""/m/01g6gs"": ""Black-and-white"", ""/m/07s9rl0"": ""Drama"", ""/m/060__y"": ""Film adaptation"", ""/m/068d7h"": ""Romantic drama"", ""/m/02l7c8"": ""Romance Film""}",Morocco,Africa
3001,6778,35136452,/m/0j65jzp,Kalem Mama,2003-06-15,,90.0,"{""/m/0jzc"": ""Arabic Language""}","{""/m/05p553"": ""Comedy film""}",Egypt,Africa
3153,7128,12751960,/m/02x3922,The Deal,2008-01-22,,100.0,"{""/m/01wgr"": ""Czech Language"", ""/m/03hkp"": ""Hebrew Language"", ""/m/02h40lc"": ""English Language""}","{""/m/0gf28"": ""Parody"", ""/m/0219x_"": ""Indie"", ""/m/06nbt"": ""Satire"", ""/m/07s9rl0"": ""Drama"", ""/m/01z4y"": ""Comedy"", ""/m/060__y"": ""Film adaptation"", ""/m/02l7c8"": ""Romance Film""}",South Africa,Africa
3219,7289,2871613,/m/0884wb,The Jewel of the Nile,1985-12-11,96773200.0,107.0,"{""/m/0jzc"": ""Arabic Language"", ""/m/02h40lc"": ""English Language""}","{""/m/06cvj"": ""Romantic comedy"", ""/m/03k9fj"": ""Adventure"", ""/m/03btsm8"": ""Action/Adventure"", ""/m/0hj3msd"": ""Adventure Comedy"", ""/m/01z4y"": ""Comedy"", ""/m/02l7c8"": ""Romance Film"", ""/m/02kdv5l"": ""Action""}",Morocco,Africa
3254,7375,21114814,/m/05c2_my,A Ripple in the Pond,1952-12-30,,102.0,"{""/m/0349s"": ""Greek Language""}","{""/m/01z4y"": ""Comedy""}",Egypt,Africa
3292,7474,34982299,/m/0j63kl2,Tendid,2010-10-25,,15.0,{},"{""/m/02hmvc"": ""Short Film""}",Tunisia,Africa
3400,7717,9073201,/m/027wnp4,A`isha,1953-12-04,,,"{""/m/0jzc"": ""Arabic Language""}","{""/m/07s9rl0"": ""Drama""}",Egypt,Africa
3405,7728,27381413,/m/0bdt4ln,Soul Boy,2010-03-04,,61.0,"{""/m/071fb"": ""Swahili Language""}","{""/m/07s9rl0"": ""Drama"", ""/m/01j1n2"": ""Coming of age""}",Kenya,Africa
3487,7912,26825116,/m/0bmc99w,White Material,2010-03-24,,106.0,"{""/m/064_8sq"": ""French Language""}","{""/m/07s9rl0"": ""Drama"", ""/m/03mqtr"": ""Political drama"", ""/m/03q4nz"": ""World cinema"", ""/m/082gq"": ""War film""}",Cameroon,Africa
3580,8122,34973471,/m/0j65l4w,Sekalli le Meokgo,2006-09-07,,19.0,"{""/m/01vp3n"": ""Sotho language""}","{""/m/02hmvc"": ""Short Film"", ""/m/07s9rl0"": ""Drama""}",South Africa,Africa
3650,8278,19473324,/m/04mytqc,Sweepers,1998-12-02,,98.0,"{""/m/02h40lc"": ""English Language""}","{""/m/03btsm8"": ""Action/Adventure"", ""/m/01jfsb"": ""Thriller"", ""/m/02kdv5l"": ""Action"", ""/m/0219x_"": ""Indie"", ""/m/03q4nz"": ""World cinema""}",South Africa,Africa
3857,8730,707823,/m/034hzj,Cry Freedom,1987-11-05,5899797.0,157.0,"{""/m/02h40lc"": ""English Language""}","{""/m/0lsxr"": ""Crime Fiction"", ""/m/017fp"": ""Biography"", ""/m/07s9rl0"": ""Drama"", ""/m/03mqtr"": ""Political drama""}",South Africa,Africa
3872,8765,35013147,/m/0j67f6q,Sea Point Days,2008-09-06,,96.0,"{""/m/0nl8g"": ""Xhosa Language"", ""/m/0x82"": ""Afrikaans Language"", ""/m/02h40lc"": ""English Language""}","{""/m/0jtdp"": ""Documentary""}",South Africa,Africa
3965,8978,5895236,/m/0fcbjw,Days of Glory,2006-09-27,,122.0,"{""/m/064_8sq"": ""French Language"", ""/m/0jzc"": ""Arabic Language""}","{""/m/02kdv5l"": ""Action"", ""/m/07s9rl0"": ""Drama"", ""/m/082gq"": ""War film""}",Algeria,Africa
3965,8978,5895236,/m/0fcbjw,Days of Glory,2006-09-27,,122.0,"{""/m/064_8sq"": ""French Language"", ""/m/0jzc"": ""Arabic Language""}","{""/m/02kdv5l"": ""Action"", ""/m/07s9rl0"": ""Drama"", ""/m/082gq"": ""War film""}",Morocco,Africa
4039,9161,20882036,/m/056bs9t,Hansie,2008-09-24,,,{},"{""/m/07s9rl0"": ""Drama""}",South Africa,Africa
4200,9491,35672322,/m/0j50wd9,How to Start a Revolution,2011-09-18,,85.0,"{""/m/0cjk9"": ""Ukrainian Language"", ""/m/0jzc"": ""Arabic Language"", ""/m/02h40lc"": ""English Language"", ""/m/06nm1"": ""Spanish Language""}","{""/m/03bxz7"": ""Biographical film"", ""/m/0jtdp"": ""Documentary""}",Egypt,Africa
4244,9610,34748230,/m/0j3fsgp,Women Cars Villas Money,2010-02-03,,75.0,"{""/m/064_8sq"": ""French Language""}","{""/m/07s9rl0"": ""Drama""}",Burkina Faso,Africa
4301,9740,33269214,/m/0h7m5gx,Omar Killed Me,2011-06-22,,85.0,"{""/m/064_8sq"": ""French Language"", ""/m/0jzc"": ""Arabic Language""}","{""/m/0lsxr"": ""Crime Fiction"", ""/m/028v3"": ""Detective fiction"", ""/m/07s9rl0"": ""Drama""}",Morocco,Africa
4471,10140,35180817,/m/0j5ycmt,"The Virgin, the Copts and Me",2011-10-27,,85.0,"{""/m/064_8sq"": ""French Language"", ""/m/0jzc"": ""Arabic Language""}","{""/m/01z4y"": ""Comedy"", ""/m/0jtdp"": ""Documentary""}",Egypt,Africa
4628,10478,24449669,/m/07l4ylb,Cairo Time,2009-10-09,1995012.0,89.0,"{""/m/0jzc"": ""Arabic Language"", ""/m/02h40lc"": ""English Language""}","{""/m/068d7h"": ""Romantic drama"", ""/m/02l7c8"": ""Romance Film"", ""/m/0hj3nbk"": ""Marriage Drama"", ""/m/07s9rl0"": ""Drama"", ""/m/0219x_"": ""Indie""}",Egypt,Africa
4651,10552,35013163,/m/0j63t34,Semillas que el mar arrastra,2008-11-13,,52.0,{},"{""/m/0jtdp"": ""Documentary""}",Senegal,Africa
4651,10552,35013163,/m/0j63t34,Semillas que el mar arrastra,2008-11-13,,52.0,{},"{""/m/0jtdp"": ""Documentary""}",Cameroon,Africa
4723,10708,15739716,/m/03nrwbj,Les Ambassadeurs,1977-04-27,,102.0,"{""/m/064_8sq"": ""French Language""}","{""/m/07s9rl0"": ""Drama""}",Libya,Africa
4723,10708,15739716,/m/03nrwbj,Les Ambassadeurs,1977-04-27,,102.0,"{""/m/064_8sq"": ""French Language""}","{""/m/07s9rl0"": ""Drama""}",Tunisia,Africa
4749,10760,1589664,/m/05dttv,"The Leader, His Driver and the Driver's Wife",1991-09-13,,85.0,"{""/m/0x82"": ""Afrikaans Language"", ""/m/02h40lc"": ""English Language""}","{""/m/0hj3n07"": ""Culture & Society"", ""/m/017fp"": ""Biography"", ""/m/03mqtr"": ""Political drama"", ""/m/075fzd"": ""Social issues"", ""/m/0jtdp"": ""Documentary""}",South Africa,Africa
4869,11014,16193623,/m/03wcjtz,A Walk to Beautiful,2008-09-08,,83.0,"{""/m/0nj_l"": ""Amharic Language"", ""/m/02h40lc"": ""English Language""}","{""/m/0jtdp"": ""Documentary""}",Ethiopia,Africa
5020,11384,7715751,/m/0kvfw9,Tes Cheveux Noirs Ihsan,2005-06-12,,14.0,"{""/m/0jzc"": ""Arabic Language"", ""/m/02h40lc"": ""English Language""}","{""/m/02hmvc"": ""Short Film"", ""/m/07s9rl0"": ""Drama""}",Morocco,Africa
5099,11566,5073426,/m/08frc4,U-Carmen e-Khayelitsha,2005-04-01,,122.0,"{""/m/0nl8g"": ""Xhosa Language""}","{""/m/04t36"": ""Musical"", ""/m/07s9rl0"": ""Drama"", ""/m/02l7c8"": ""Romance Film"", ""/m/03q4nz"": ""World cinema""}",South Africa,Africa
5124,11625,26400227,/m/0bbv8yz,Legacy,2010-02-28,,95.0,"{""/m/02h40lc"": ""English Language""}","{""/m/01jfsb"": ""Thriller"", ""/m/03q4nz"": ""World cinema"", ""/m/09blyk"": ""Psychological thriller"", ""/m/0c3351"": ""Suspense"", ""/m/02qfv5d"": ""Political thriller""}",Nigeria,Africa
5487,12412,7635036,/m/0kvcwy,Luggage of the Gods!,1983-06-19,,74.0,"{""/m/02h40lc"": ""English Language""}","{""/m/01z4y"": ""Comedy""}",South Africa,Africa
5516,12467,5028914,/m/0c_kl6,3 Needles,2006-12-01,,127.0,"{""/m/02h40lc"": ""English Language"", ""/m/03115z"": ""Mandarin Chinese"", ""/m/0nl8g"": ""Xhosa Language"", ""/m/0x82"": ""Afrikaans Language"", ""/m/064_8sq"": ""French Language"", ""/m/0653m"": ""Standard Mandarin""}","{""/m/07s9rl0"": ""Drama"", ""/m/06lbpz"": ""Social problem film"", ""/m/0219x_"": ""Indie"", ""/m/0gw5qqq"": ""Chinese Movies""}",South Africa,Africa
5961,13435,33047073,/m/0h54k23,"Tahrir 2011: The Good, the Bad, and the Politician",2011-09-17,,90.0,"{""/m/0jzc"": ""Arabic Language""}","{""/m/0jtdp"": ""Documentary""}",Egypt,Africa
6185,13959,14771682,/m/03gxgdm,Footskating 101,2007-09-14,,83.0,"{""/m/02h40lc"": ""English Language""}","{""/m/0219x_"": ""Indie"", ""/m/03k9fj"": ""Adventure"", ""/m/01z4y"": ""Comedy""}",South Africa,Africa
6260,14112,3492397,/m/09ggb8,Slipstream,2005-02-12,,89.0,"{""/m/02h40lc"": ""English Language""}","{""/m/01jfsb"": ""Thriller"", ""/m/04btyz"": ""Heist"", ""/m/06n90"": ""Science Fiction""}",Zambia,Africa
6260,14112,3492397,/m/09ggb8,Slipstream,2005-02-12,,89.0,"{""/m/02h40lc"": ""English Language""}","{""/m/01jfsb"": ""Thriller"", ""/m/04btyz"": ""Heist"", ""/m/06n90"": ""Science Fiction""}",South Africa,Africa
6410,14450,26052430,/m/0b6l370,Wife Number 13,1961-06-24,,97.0,{},{},Egypt,Africa
6427,14485,13371664,/m/03c34_c,Les Saignantes,2005-09-09,,92.0,"{""/m/064_8sq"": ""French Language""}","{""/m/07s9rl0"": ""Drama"", ""/m/06n90"": ""Science Fiction"", ""/m/03npn"": ""Horror""}",Cameroon,Africa
7049,15795,35005007,/m/0j62ck_,En attendant les hommes,2007-10-01,,56.0,"{""/m/0jzc"": ""Arabic Language""}","{""/m/0jtdp"": ""Documentary""}",Senegal,Africa
7160,16056,34952826,/m/0j46ph2,Fissures,2009-12-07,,75.0,"{""/m/0jzc"": ""Arabic Language""}","{""/m/07s9rl0"": ""Drama""}",Morocco,Africa
7210,16169,11486399,/m/02rfhl7,The Unique Oneness of Christian Savage,2002-04-30,,18.0,{},"{""/m/02hmvc"": ""Short Film"", ""/m/07s9rl0"": ""Drama""}",South Africa,Africa
7244,16233,34983677,/m/0gfplsp,Togetherness Supreme,2010-10-05,,94.0,"{""/m/071fb"": ""Swahili Language"", ""/m/02h40lc"": ""English Language""}","{""/m/07s9rl0"": ""Drama""}",Kenya,Africa
7486,16771,3285836,/m/093c_j,Yeelen,1987-09-13,,105.0,"{""/m/01gdq"": ""Bambara language"", ""/m/064_8sq"": ""French Language"", ""/m/05n7jk"": ""Fula language""}","{""/m/07s9rl0"": ""Drama"", ""/m/01j1n2"": ""Coming of age"", ""/m/01hmnh"": ""Fantasy"", ""/m/03k9fj"": ""Adventure"", ""/m/03q4nz"": ""World cinema""}",Burkina Faso,Africa
7486,16771,3285836,/m/093c_j,Yeelen,1987-09-13,,105.0,"{""/m/01gdq"": ""Bambara language"", ""/m/064_8sq"": ""French Language"", ""/m/05n7jk"": ""Fula language""}","{""/m/07s9rl0"": ""Drama"", ""/m/01j1n2"": ""Coming of age"", ""/m/01hmnh"": ""Fantasy"", ""/m/03k9fj"": ""Adventure"", ""/m/03q4nz"": ""World cinema""}",Mali,Africa
7670,17192,10514354,/m/02qgc_9,Ezra,2007-01-23,,102.0,"{""/m/064_8sq"": ""French Language"", ""/m/02h40lc"": ""English Language""}","{""/m/07s9rl0"": ""Drama"", ""/m/03q4nz"": ""World cinema"", ""/m/082gq"": ""War film""}",Nigeria,Africa
7885,17730,34982179,/m/0j67mfc,Tabou,2010-10-27,,15.0,"{""/m/0jzc"": ""Arabic Language""}","{""/m/02hmvc"": ""Short Film""}",Tunisia,Africa
8038,18037,35002964,/m/0j67bxj,Born Into Struggle,2004-04-28,,74.0,"{""/m/02h40lc"": ""English Language"", ""/m/06nm1"": ""Spanish Language""}","{""/m/02hmvc"": ""Short Film"", ""/m/03mqtr"": ""Political drama"", ""/m/0jtdp"": ""Documentary""}",South Africa,Africa
8132,18237,35002906,/m/0j66mvv,Bab Sebta,2008-11-10,,108.0,"{""/m/05zjd"": ""Portuguese Language""}","{""/m/0jtdp"": ""Documentary""}",Morocco,Africa
8302,18611,24165807,/m/07kfrcf,Confessions of a Gambler,2008-04-04,,,"{""/m/0x82"": ""Afrikaans Language""}","{""/m/07s9rl0"": ""Drama""}",South Africa,Africa
8446,18926,13413337,/m/03c4jpf,Thieves of Fortune,1990-05-31,,100.0,"{""/m/02h40lc"": ""English Language""}","{""/m/02kdv5l"": ""Action"", ""/m/07s9rl0"": ""Drama"", ""/m/03k9fj"": ""Adventure""}",South Africa,Africa
8724,19537,34953519,/m/0j465w2,Kinshasa palace,2006-09-08,,70.0,"{""/m/02hx_0t"": ""Khmer, Central Language"", ""/m/064_8sq"": ""French Language"", ""/m/05zjd"": ""Portuguese Language"", ""/m/02h40lc"": ""English Language""}","{""/m/07s9rl0"": ""Drama""}",Democratic Republic of the Congo,Africa
8834,19765,15402213,/m/03m7606,Blast!,2004-05-16,,92.0,"{""/m/02h40lc"": ""English Language""}","{""/m/01jfsb"": ""Thriller"", ""/m/05p553"": ""Comedy film"", ""/m/02kdv5l"": ""Action""}",South Africa,Africa
8914,19944,34973258,/m/0j64vr7,Paris sur mer,2007-12-12,,16.0,"{""/m/064_8sq"": ""French Language""}","{""/m/02hmvc"": ""Short Film"", ""/m/07s9rl0"": ""Drama""}",Morocco,Africa
9462,21146,24654654,/m/080hvx0,Through the Glass,2008-10-18,,,{},{},Nigeria,Africa
9580,21412,6355228,/m/0g2906,The Breed,2006-05-18,,87.0,"{""/m/02h40lc"": ""English Language""}","{""/m/06vxwl5"": ""Natural horror films"", ""/m/03npn"": ""Horror""}",South Africa,Africa
9585,21422,8414188,/m/0272kz_,The Naked Prey,1966-06-14,,96.0,"{""/m/0x82"": ""Afrikaans Language"", ""/m/02h40lc"": ""English Language""}","{""/m/01jfsb"": ""Thriller"", ""/m/03btsm8"": ""Action/Adventure"", ""/m/02kdv5l"": ""Action"", ""/m/03k9fj"": ""Adventure""}",South Africa,Africa
9868,22028,20877724,/m/054npf_,Un homme qui dort,1974-04-24,,93.0,"{""/m/064_8sq"": ""French Language""}","{""/m/07s9rl0"": ""Drama""}",Tunisia,Africa
9985,22297,34971552,/m/0j44_3k,Lettre à la prison,2009-04-21,,75.0,"{""/m/064_8sq"": ""French Language"", ""/m/0jzc"": ""Arabic Language""}","{""/m/07s9rl0"": ""Drama""}",Tunisia,Africa
10094,22534,36225776,/m/0k2lqjj,A Million Colours,2011-09-27,,110.0,"{""/m/02h40lc"": ""English Language""}","{""/m/07s9rl0"": ""Drama""}",South Africa,Africa
10345,23080,34943571,/m/0j43402,C'est dimanche!,2008-07-09,,30.0,"{""/m/064_8sq"": ""French Language""}","{""/m/02hmvc"": ""Short Film"", ""/m/07s9rl0"": ""Drama""}",Algeria,Africa
10371,23136,34944530,/m/0j4340g,Corazones de mujer,2008-02-13,,85.0,"{""/m/02bjrlw"": ""Italian Language""}","{""/m/07s9rl0"": ""Drama""}",Morocco,Africa
10446,23307,31050610,/m/0f13c51,Viva Riva!,2010-09-10,,98.0,"{""/m/064_8sq"": ""French Language""}","{""/m/07s9rl0"": ""Drama"", ""/m/0hj3n01"": ""Crime Drama""}",Democratic Republic of the Congo,Africa
10638,23712,34953464,/m/0db8kct,Khouya,2010-08-08,,17.0,"{""/m/0jzc"": ""Arabic Language""}","{""/m/02hmvc"": ""Short Film""}",Algeria,Africa
10819,24079,3384409,/m/025sq9n,The Gods Must Be Crazy II,1990-04-13,,98.0,"{""/m/0x82"": ""Afrikaans Language"", ""/m/02h40lc"": ""English Language""}","{""/m/03k9fj"": ""Adventure"", ""/m/03btsm8"": ""Action/Adventure"", ""/m/0219x_"": ""Indie"", ""/m/03q4nz"": ""World cinema"", ""/m/01q03"": ""Cult"", ""/m/01z4y"": ""Comedy"", ""/m/09q17"": ""Slapstick""}",South Africa,Africa
10904,24262,34952946,/m/0j43c2z,Garagouz,2011-03-22,,22.0,"{""/m/0jzc"": ""Arabic Language""}","{""/m/02hmvc"": ""Short Film"", ""/m/07s9rl0"": ""Drama""}",Algeria,Africa
11038,24560,34954276,/m/0j42m0z,Le Voyage à Alger,2009-10-08,,97.0,"{""/m/064_8sq"": ""French Language""}","{""/m/07s9rl0"": ""Drama""}",Algeria,Africa
11321,25171,33047559,/m/0h557yx,18 Days,2011-05-18,,125.0,"{""/m/0jzc"": ""Arabic Language""}","{""/m/07s9rl0"": ""Drama""}",Egypt,Africa
11535,25697,35943352,/m/0kf9zp1,The Repentant,2012-05-19,,87.0,"{""/m/0jzc"": ""Arabic Language""}","{""/m/07s9rl0"": ""Drama""}",Algeria,Africa
11568,25759,24702976,/m/080c_y7,The Season of Men,2000-05-13,,124.0,"{""/m/064_8sq"": ""French Language"", ""/m/0jzc"": ""Arabic Language""}","{""/m/07s9rl0"": ""Drama""}",Tunisia,Africa
11570,25764,11573895,/m/02rjq60,Alien from L.A.,1988-02-26,,87.0,"{""/m/02h40lc"": ""English Language""}","{""/m/06n90"": ""Science Fiction"", ""/m/03k9fj"": ""Adventure"", ""/m/03btsm8"": ""Action/Adventure"", ""/m/01z4y"": ""Comedy"", ""/m/0cq23f0"": ""Sci-Fi Adventure"", ""/m/02b5_l"": ""Teen""}",South Africa,Africa
11574,25773,29129963,/m/0bj79n6,Life Above All,2010-05-18,,100.0,{},"{""/m/07s9rl0"": ""Drama""}",South Africa,Africa
11791,26253,20787941,/m/052_kvj,Beat the Drum,2003-10-10,,114.0,"{""/m/0gndv"": ""Zulu Language"", ""/m/02h40lc"": ""English Language""}","{""/m/04228s"": ""Road movie"", ""/m/07s9rl0"": ""Drama"", ""/m/0219x_"": ""Indie"", ""/m/03q4nz"": ""World cinema"", ""/m/0hj3mxx"": ""Childhood Drama""}",South Africa,Africa
11840,26365,23803661,/m/06_wlmg,Mapantsula,1988-10-20,,104.0,"{""/m/01vp3n"": ""Sotho language"", ""/m/0gndv"": ""Zulu Language"", ""/m/0x82"": ""Afrikaans Language"", ""/m/02h40lc"": ""English Language""}","{""/m/0lsxr"": ""Crime Fiction"", ""/m/07s9rl0"": ""Drama"", ""/m/03mqtr"": ""Political drama"", ""/m/0hj3n01"": ""Crime Drama""}",South Africa,Africa
12086,26949,19796380,/m/04q8cst,Zay El Naharda,2008-10-01,,95.0,"{""/m/034f9_"": ""Egyptian Arabic""}","{""/m/01jfsb"": ""Thriller"", ""/m/02n4kr"": ""Mystery""}",Egypt,Africa
12197,27222,4223800,/m/0bqvqq,"10,000 BC",2008-02-22,269784201.0,109.0,"{""/m/02h40lc"": ""English Language""}","{""/m/01jfsb"": ""Thriller"", ""/m/03k9fj"": ""Adventure"", ""/m/04xvh5"": ""Costume drama"", ""/m/03btsm8"": ""Action/Adventure"", ""/m/01hmnh"": ""Fantasy"", ""/m/02l7c8"": ""Romance Film"", ""/m/02kdv5l"": ""Action""}",South Africa,Africa
12257,27354,34817175,/m/0j3dw7y,Otelo Burning,2011-07-21,,95.0,"{""/m/0gndv"": ""Zulu Language"", ""/m/02h40lc"": ""English Language""}","{""/m/01j1n2"": ""Coming of age"", ""/m/07s9rl0"": ""Drama"", ""/m/02qfv5d"": ""Political thriller""}",South Africa,Africa
12667,28307,25805385,/m/09v31h6,White Wedding,2009-04-29,,93.0,"{""/m/0nl8g"": ""Xhosa Language"", ""/m/0x82"": ""Afrikaans Language"", ""/m/0gndv"": ""Zulu Language"", ""/m/02h40lc"": ""English Language""}","{""/m/06cvj"": ""Romantic comedy"", ""/m/02l7c8"": ""Romance Film"", ""/m/01z4y"": ""Comedy"", ""/m/03q4nz"": ""World cinema""}",South Africa,Africa
12779,28542,297010,/m/01rc_m,"11'09""01 September 11",2002-09-05,,134.0,"{""/m/021wr6"": ""French Sign Language"", ""/m/0jzc"": ""Arabic Language"", ""/m/06nm1"": ""Spanish Language"", ""/m/064_8sq"": ""French Language"", ""/m/032f6"": ""Persian Language"", ""/m/03hkp"": ""Hebrew Language"", ""/m/02h40lc"": ""English Language""}","{""/m/0gw5n2f"": ""Japanese Movies"", ""/m/0219x_"": ""Indie"", ""/m/0424mc"": ""Experimental film"", ""/m/07s9rl0"": ""Drama"", ""/m/0k345"": ""Avant-garde"", ""/m/0hj3n1j"": ""Essay Film""}",Egypt,Africa
13267,29581,5581958,/m/0dtp46,Hideous Kinky,1998-10-02,1263279.0,99.0,"{""/m/064_8sq"": ""French Language"", ""/m/0jzc"": ""Arabic Language"", ""/m/02h40lc"": ""English Language""}","{""/m/04xvlr"": ""Period piece"", ""/m/02h8pkk"": ""Family Drama"", ""/m/07s9rl0"": ""Drama"", ""/m/0219x_"": ""Indie"", ""/m/03k9fj"": ""Adventure""}",Morocco,Africa
13453,30026,1615208,/m/05gtpm,Forgiveness,2004-08-07,,92.0,"{""/m/0x82"": ""Afrikaans Language"", ""/m/02h40lc"": ""English Language""}","{""/m/07s9rl0"": ""Drama""}",South Africa,Africa
13575,30284,14503994,/m/03d5mz6,Le Chaos,2007-11-26,,124.0,"{""/m/0jzc"": ""Arabic Language"", ""/m/034f9_"": ""Egyptian Arabic""}","{""/m/07s9rl0"": ""Drama"", ""/m/02n4lw"": ""Art film"", ""/m/03q4nz"": ""World cinema""}",Egypt,Africa
13907,31014,30206613,/m/0g57kld,678,2010-12-12,,100.0,"{""/m/0jzc"": ""Arabic Language""}","{""/m/07s9rl0"": ""Drama""}",Egypt,Africa
13908,31016,35011304,/m/0gmlphx,"At Night, They Dance",2010-12-02,,81.0,"{""/m/0jzc"": ""Arabic Language""}","{""/m/02p0szs"": ""Historical fiction"", ""/m/0jtdp"": ""Documentary""}",Egypt,Africa
14209,31687,2802926,/m/083p40,Ayam El-Sadat,2001-06-26,,165.0,"{""/m/0jzc"": ""Arabic Language""}","{""/m/03bxz7"": ""Biographical film"", ""/m/07s9rl0"": ""Drama"", ""/m/03hn0"": ""Historical drama""}",Egypt,Africa
14349,31996,25879543,/m/04_smj7,Sayed El Atefy,2005-06-07,,,{},"{""/m/01z4y"": ""Comedy""}",Egypt,Africa
14368,32035,25879929,/m/04_smjy,Captain Hima,2008-08-21,,120.0,"{""/m/0jzc"": ""Arabic Language""}","{""/m/04t36"": ""Musical"", ""/m/01z4y"": ""Comedy""}",Egypt,Africa
14399,32099,7133211,/m/0h5xd2,Catch a Fire,2006-10-27,,97.0,"{""/m/0x82"": ""Afrikaans Language"", ""/m/0gndv"": ""Zulu Language"", ""/m/02h40lc"": ""English Language""}","{""/m/01jfsb"": ""Thriller"", ""/m/017fp"": ""Biography"", ""/m/03g3w"": ""History"", ""/m/03btsm8"": ""Action/Adventure"", ""/m/07s9rl0"": ""Drama"", ""/m/02qfv5d"": ""Political thriller"", ""/m/02kdv5l"": ""Action"", ""/m/03mqtr"": ""Political drama""}",South Africa,Africa
14516,32351,18667965,/m/04gmnqc,Samba Traoré,1993-09-10,,85.0,{},"{""/m/07s9rl0"": ""Drama"", ""/m/01t_vv"": ""Comedy-drama""}",Burkina Faso,Africa
14836,33063,35005158,/m/0j675p5,Gerboise bleue,2009-02-11,,90.0,"{""/m/064_8sq"": ""French Language"", ""/m/0jzc"": ""Arabic Language""}","{""/m/0jtdp"": ""Documentary""}",Algeria,Africa
15021,33482,29588452,/m/0fpgc26,Where do we go now?,2011-05-16,,100.0,"{""/m/0jzc"": ""Arabic Language"", ""/m/02h40lc"": ""English Language"", ""/m/06b_j"": ""Russian Language""}","{""/m/05p553"": ""Comedy film"", ""/m/07s9rl0"": ""Drama""}",Egypt,Africa
15148,33780,28427194,/m/0crc_s6,Cairo Exit,2010-12-17,,96.0,"{""/m/0jzc"": ""Arabic Language""}","{""/m/07s9rl0"": ""Drama"", ""/m/03q4nz"": ""World cinema""}",Egypt,Africa
15210,33929,28703812,/m/0cz940h,Microphone,2010-09-14,,120.0,"{""/m/0jzc"": ""Arabic Language""}","{""/m/04t36"": ""Musical"", ""/m/07s9rl0"": ""Drama"", ""/m/0219x_"": ""Indie"", ""/m/03q4nz"": ""World cinema"", ""/m/01z4y"": ""Comedy""}",Egypt,Africa
15308,34139,22629807,/m/05zvq9x,Running Riot,2006-12-15,,95.0,"{""/m/02h40lc"": ""English Language""}","{""/m/05p553"": ""Comedy film""}",South Africa,Africa
15368,34252,35615490,/m/0jl0_99,After the Battle,2012-05-17,,116.0,"{""/m/0jzc"": ""Arabic Language""}","{""/m/03g3w"": ""History"", ""/m/07s9rl0"": ""Drama"", ""/m/03hn0"": ""Historical drama""}",Egypt,Africa
15384,34294,28076317,/m/0cmcvwj,Diamond Walkers,1965-08-20,,92.0,"{""/m/02h40lc"": ""English Language""}","{""/m/02kdv5l"": ""Action"", ""/m/07s9rl0"": ""Drama"", ""/m/03k9fj"": ""Adventure""}",South Africa,Africa
15550,34643,1433069,/m/05142y,Yesterday,2004-09-03,,96.0,"{""/m/0gndv"": ""Zulu Language""}","{""/m/07s9rl0"": ""Drama"", ""/m/0219x_"": ""Indie"", ""/m/03q4nz"": ""World cinema"", ""/m/02n4lw"": ""Art film""}",South Africa,Africa
15709,34986,7352271,/m/0kv5nj,Rendition,2007-09-07,27038732.0,122.0,"{""/m/02h40lc"": ""English Language""}","{""/m/01jfsb"": ""Thriller"", ""/m/07s9rl0"": ""Drama"", ""/m/082gq"": ""War film""}",South Africa,Africa
16025,35738,25434279,/m/09k6786,Bled Number One,2006-06-07,,104.0,{},"{""/m/07s9rl0"": ""Drama""}",Algeria,Africa
16321,36353,35159090,/m/0j65m5_,Macadam Tribu,1996-09-08,,90.0,"{""/m/064_8sq"": ""French Language""}","{""/m/01t_vv"": ""Comedy-drama""}",Mali,Africa
16321,36353,35159090,/m/0j65m5_,Macadam Tribu,1996-09-08,,90.0,"{""/m/064_8sq"": ""French Language""}","{""/m/01t_vv"": ""Comedy-drama""}",Congo,Africa
16500,36753,30067448,/m/0g59jzx,Golden Rendezvous,1977-12-25,,109.0,"{""/m/02h40lc"": ""English Language""}","{""/m/01jfsb"": ""Thriller"", ""/m/0lsxr"": ""Crime Fiction""}",South Africa,Africa
16616,36996,3579131,/m/09mt21,To Whom Does the World Belong?,1932-05-14,,80.0,"{""/m/04306rv"": ""German Language""}","{""/m/07s9rl0"": ""Drama"", ""/m/01g6gs"": ""Black-and-white""}",South Africa,Africa
16748,37293,21939688,/m/07yk1xz,Invictus,2009-12-03,122233971.0,135.0,"{""/m/0x82"": ""Afrikaans Language"", ""/m/0dds9"": ""M\u0101ori language"", ""/m/02h40lc"": ""English Language""}","{""/m/017fp"": ""Biography"", ""/m/03g3w"": ""History"", ""/m/060__y"": ""Film adaptation"", ""/m/01z02hx"": ""Sports"", ""/m/07s9rl0"": ""Drama"", ""/m/0hj3mws"": ""Biopic [feature]"", ""/m/03mqtr"": ""Political drama""}",South Africa,Africa
16847,37521,27422005,/m/0c035hy,Noor Eieny,2010-05-12,,,{},"{""/m/02l7c8"": ""Romance Film"", ""/m/07s9rl0"": ""Drama"", ""/m/05p553"": ""Comedy film""}",Egypt,Africa
16852,37538,27296947,/m/0bx_47b,Mortu Nega,1990-03-07,,85.0,"{""/m/05zjd"": ""Portuguese Language"", ""/m/0bv_f3s"": ""Kriolu""}","{""/m/02p0szs"": ""Historical fiction"", ""/m/07s9rl0"": ""Drama""}",Guinea-Bissau,Africa
16990,37849,985537,/m/03ws3t,Allan Quatermain and the Lost City of Gold,1987-05-16,3751699.0,99.0,"{""/m/02h40lc"": ""English Language""}","{""/m/03btsm8"": ""Action/Adventure"", ""/m/0hj3n96"": ""Jungle Film"", ""/m/02kdv5l"": ""Action"", ""/m/03k9fj"": ""Adventure"", ""/m/01z4y"": ""Comedy""}",Zimbabwe,Africa
17081,38044,33418772,/m/0h94k90,Eternity,2010-12-24,,95.0,"{""/m/02h40lc"": ""English Language""}","{""/m/01jfsb"": ""Thriller"", ""/m/03npn"": ""Horror""}",South Africa,Africa
17140,38163,34985175,/m/0j63klx,HM HM,2005-09-01,,,{},"{""/m/02hmvc"": ""Short Film"", ""/m/0hcr"": ""Animation""}",Egypt,Africa
17304,38514,26939387,/m/0bmbqlp,The Figurine,2009-02-06,,,{},"{""/m/01jfsb"": ""Thriller""}",Nigeria,Africa
17307,38521,8592074,/m/02794_3,The Yacoubian Building,2006-06-21,,165.0,"{""/m/064_8sq"": ""French Language"", ""/m/0jzc"": ""Arabic Language"", ""/m/02h40lc"": ""English Language""}","{""/m/0hn10"": ""LGBT"", ""/m/01t_vv"": ""Comedy-drama"", ""/m/07s9rl0"": ""Drama"", ""/m/0clz1b"": ""Slice of life story"", ""/m/03q4nz"": ""World cinema""}",Egypt,Africa
17314,38539,24633119,/m/080q0x4,The Other,1999-05-26,,106.0,"{""/m/0jzc"": ""Arabic Language""}","{""/m/068d7h"": ""Romantic drama"", ""/m/02l7c8"": ""Romance Film"", ""/m/07s9rl0"": ""Drama"", ""/m/03mqtr"": ""Political drama"", ""/m/03q4nz"": ""World cinema""}",Egypt,Africa
17362,38662,6789650,/m/0gp13q,Moolaadé,2004-05-15,,124.0,"{""/m/01gdq"": ""Bambara language"", ""/m/064_8sq"": ""French Language""}","{""/m/07s9rl0"": ""Drama""}",Senegal,Africa
17362,38662,6789650,/m/0gp13q,Moolaadé,2004-05-15,,124.0,"{""/m/01gdq"": ""Bambara language"", ""/m/064_8sq"": ""French Language""}","{""/m/07s9rl0"": ""Drama""}",Burkina Faso,Africa
17362,38662,6789650,/m/0gp13q,Moolaadé,2004-05-15,,124.0,"{""/m/01gdq"": ""Bambara language"", ""/m/064_8sq"": ""French Language""}","{""/m/07s9rl0"": ""Drama""}",Cameroon,Africa
17362,38662,6789650,/m/0gp13q,Moolaadé,2004-05-15,,124.0,"{""/m/01gdq"": ""Bambara language"", ""/m/064_8sq"": ""French Language""}","{""/m/07s9rl0"": ""Drama""}",Morocco,Africa
17362,38662,6789650,/m/0gp13q,Moolaadé,2004-05-15,,124.0,"{""/m/01gdq"": ""Bambara language"", ""/m/064_8sq"": ""French Language""}","{""/m/07s9rl0"": ""Drama""}",Tunisia,Africa
17579,39174,12714295,/m/08h8bc,The Last Legion,2007-04-19,25303038.0,110.0,"{""/m/02h40lc"": ""English Language""}","{""/m/01jfsb"": ""Thriller"", ""/m/01lmb_"": ""Sword and Sandal"", ""/m/03k9fj"": ""Adventure"", ""/m/04xvh5"": ""Costume drama"", ""/m/02p0szs"": ""Historical fiction"", ""/m/06l3bl"": ""Epic"", ""/m/03btsm8"": ""Action/Adventure"", ""/m/04xvlr"": ""Period piece"", ""/m/01hmnh"": ""Fantasy"", ""/m/082gq"": ""War film"", ""/m/0hj3n6f"": ""Historical Epic"", ""/m/02kdv5l"": ""Action""}",Tunisia,Africa
17591,39200,9506553,/m/02ph1zv,Ghazal Al Banat,1949-09-15,,120.0,"{""/m/0jzc"": ""Arabic Language""}","{""/m/02l7c8"": ""Romance Film"", ""/m/04t36"": ""Musical"", ""/m/05p553"": ""Comedy film""}",Egypt,Africa
17601,39217,23348173,/m/06w8lr9,Dambé: The Mali Project,2008-02-16,,93.0,"{""/m/064_8sq"": ""French Language"", ""/m/03x42"": ""Irish"", ""/m/02h40lc"": ""English Language""}","{""/m/04rlf"": ""Music"", ""/m/04t36"": ""Musical"", ""/m/0jtdp"": ""Documentary""}",Mali,Africa
17791,39595,10526261,/m/02qgrl6,Dangerous Ground,1997-02-12,,95.0,"{""/m/02h40lc"": ""English Language""}","{""/m/0lsxr"": ""Crime Fiction"", ""/m/07s9rl0"": ""Drama"", ""/m/03mqtr"": ""Political drama"", ""/m/0219x_"": ""Indie""}",South Africa,Africa
17909,39850,20361883,/m/04zxhjd,Mr Bones 2: Back from the Past,2008-11-27,,,"{""/m/071dl"": ""South African English""}","{""/m/0hj3n2s"": ""Fantasy Comedy"", ""/m/01z4y"": ""Comedy""}",South Africa,Africa
17952,39951,33583658,/m/0b_tjqc,Oh Islam,1961-10-20,,97.0,"{""/m/0jzc"": ""Arabic Language"", ""/m/02bjrlw"": ""Italian Language""}","{""/m/07s9rl0"": ""Drama""}",Egypt,Africa
18222,40550,34992963,/m/0j660b5,Les Damnés de la mer,2008-11-22,,71.0,"{""/m/06mp7"": ""Swedish Language"", ""/m/0jzc"": ""Arabic Language"", ""/m/02h40lc"": ""English Language""}","{""/m/0jtdp"": ""Documentary""}",Morocco,Africa
18253,40623,20520132,/m/051vh1b,Skin,2009-10-30,,107.0,"{""/m/0gndv"": ""Zulu Language"", ""/m/02h40lc"": ""English Language""}","{""/m/02n4kr"": ""Mystery"", ""/m/03bxz7"": ""Biographical film"", ""/m/07s9rl0"": ""Drama"", ""/m/0219x_"": ""Indie""}",South Africa,Africa
18280,40666,35005629,/m/04swmvf,Victoire Terminus,2008-02-10,,80.0,{},"{""/m/0jtdp"": ""Documentary""}",Democratic Republic of the Congo,Africa
18355,40849,34593257,/m/0j254_z,Mad Buddies,2012-06-22,,96.0,"{""/m/02h40lc"": ""English Language""}","{""/m/05p553"": ""Comedy film""}",South Africa,Africa
18671,41523,24640841,/m/080b28t,Genesis,1999-05-16,,102.0,{},"{""/m/07s9rl0"": ""Drama"", ""/m/03q4nz"": ""World cinema""}",Mali,Africa
18693,41570,15120158,/m/03hj3r6,K,2002-08-31,,85.0,"{""/m/02h40lc"": ""English Language""}","{""/m/01hmnh"": ""Fantasy"", ""/m/07s9rl0"": ""Drama""}",Morocco,Africa
18865,41953,24778429,/m/0809dhk,From a Whisper,2009-10-09,,79.0,{},"{""/m/07s9rl0"": ""Drama""}",Kenya,Africa
18919,42068,3297470,/m/0941q7,Pirates,1986-05-08,6341825.0,124.0,"{""/m/064_8sq"": ""French Language"", ""/m/02h40lc"": ""English Language"", ""/m/06nm1"": ""Spanish Language""}","{""/m/02qvnvs"": ""Swashbuckler films"", ""/m/0hqxf"": ""Family Film"", ""/m/01z4y"": ""Comedy"", ""/m/03k9fj"": ""Adventure""}",Tunisia,Africa
19362,43099,19268816,/m/04lhqgw,The Hellions,1961-11-02,,80.0,"{""/m/02h40lc"": ""English Language""}","{""/m/0hfjk"": ""Western"", ""/m/07s9rl0"": ""Drama"", ""/m/03k9fj"": ""Adventure""}",South Africa,Africa
19690,43795,25253963,/m/09glp2f,Alexandria... New York,2004-07-07,,130.0,{},"{""/m/04rlf"": ""Music"", ""/m/02l7c8"": ""Romance Film"", ""/m/07s9rl0"": ""Drama""}",Egypt,Africa
19745,43923,35005207,/m/0j66vd2,Giran,2009-10-10,,105.0,"{""/m/064_8sq"": ""French Language"", ""/m/0jzc"": ""Arabic Language"", ""/m/02h40lc"": ""English Language""}","{""/m/0jtdp"": ""Documentary""}",Egypt,Africa
20023,44570,34952986,/m/0j4283s,Gharam wa intiqam,1944-12-10,,,"{""/m/0jzc"": ""Arabic Language""}","{""/m/02l7c8"": ""Romance Film"", ""/m/07s9rl0"": ""Drama"", ""/m/04t36"": ""Musical""}",Egypt,Africa
20304,45217,24751608,/m/080nskf,Hijack Stories,2000-09-10,,95.0,"{""/m/02h40lc"": ""English Language""}","{""/m/0lsxr"": ""Crime Fiction"", ""/m/07s9rl0"": ""Drama""}",South Africa,Africa
20315,45250,34953673,/m/0j465wg,La Maison jaune,2007-08-08,,84.0,"{""/m/0jzc"": ""Arabic Language""}","{""/m/07s9rl0"": ""Drama""}",Algeria,Africa
20361,45349,22264562,/m/05q95_7,Final Solution,2001-11-13,,107.0,"{""/m/02h40lc"": ""English Language""}","{""/m/02kdv5l"": ""Action"", ""/m/07s9rl0"": ""Drama""}",South Africa,Africa
20841,46413,9124584,/m/027yk9t,Maw`ed Ma` al-Sa`adah,1954-12-27,,,"{""/m/0jzc"": ""Arabic Language""}","{""/m/02l7c8"": ""Romance Film"", ""/m/07s9rl0"": ""Drama""}",Egypt,Africa
21068,46899,20329270,/m/04zxw85,Mandela,1995-10-11,,118.0,"{""/m/02h40lc"": ""English Language""}","{""/m/0cshrf"": ""Political cinema"", ""/m/03g3w"": ""History"", ""/m/03q4nz"": ""World cinema"", ""/m/0jtdp"": ""Documentary""}",South Africa,Africa
21245,47284,10475655,/m/02qf7sl,"Cry, the Beloved Country",1995-09-14,676525.0,106.0,"{""/m/02h40lc"": ""English Language""}","{""/m/01jfsb"": ""Thriller"", ""/m/0219x_"": ""Indie"", ""/m/04xvlr"": ""Period piece"", ""/m/07s9rl0"": ""Drama"", ""/m/060__y"": ""Film adaptation"", ""/m/03mqtr"": ""Political drama"", ""/m/05bh16v"": ""Courtroom Drama""}",South Africa,Africa
21606,48037,24912855,/m/09gn4yf,Rachida,2002-05-21,,100.0,"{""/m/064_8sq"": ""French Language"", ""/m/0jzc"": ""Arabic Language""}","{""/m/07s9rl0"": ""Drama"", ""/m/02n4lw"": ""Art film"", ""/m/03q4nz"": ""World cinema""}",Algeria,Africa
21652,48130,7363831,/m/0kv5_k,Abdulla the Great,1955-02-01,,103.0,"{""/m/02h40lc"": ""English Language""}","{""/m/068d7h"": ""Romantic drama"", ""/m/07s9rl0"": ""Drama""}",Egypt,Africa
21808,48476,2268290,/m/06_kqh,Dracula 3000,2004-12-07,,86.0,"{""/m/02h40lc"": ""English Language""}","{""/m/06n90"": ""Science Fiction"", ""/m/03npn"": ""Horror""}",South Africa,Africa
21919,48731,24408850,/m/07s4vxg,Mossane,1997-09-12,,105.0,"{""/m/02hwrpy"": ""Wolof Language""}","{""/m/07s9rl0"": ""Drama""}",Senegal,Africa
21927,48749,5776416,/m/0f3_wx,La Isla misteriosa y el capitán Nemo,1973-03-17,,96.0,"{""/m/06nm1"": ""Spanish Language""}","{""/m/06n90"": ""Science Fiction"", ""/m/03k9fj"": ""Adventure""}",Cameroon,Africa
22019,48954,34973243,/m/0j63lmt,Papy,2009-07-27,,53.0,"{""/m/064_8sq"": ""French Language""}",{},Democratic Republic of the Congo,Africa
22345,49739,30528819,/m/0crtsl1,The Bang Bang Club,2010-09-15,,113.0,"{""/m/02h40lc"": ""English Language""}","{""/m/07s9rl0"": ""Drama"", ""/m/03mqtr"": ""Political drama"", ""/m/060__y"": ""Film adaptation""}",South Africa,Africa
22676,50429,1367502,/m/04x4pl,A Dry White Season,1989-09-22,,107.0,"{""/m/02h40lc"": ""English Language""}","{""/m/01jfsb"": ""Thriller"", ""/m/02n4kr"": ""Mystery"", ""/m/07s9rl0"": ""Drama"", ""/m/02qfv5d"": ""Political thriller"", ""/m/03mqtr"": ""Political drama"", ""/m/05bh16v"": ""Courtroom Drama""}",South Africa,Africa
23029,51250,15403744,/m/03m77q5,Barakat!,2006-02-16,,94.0,"{""/m/064_8sq"": ""French Language"", ""/m/0jzc"": ""Arabic Language""}","{""/m/07s9rl0"": ""Drama"", ""/m/03q4nz"": ""World cinema""}",Algeria,Africa
23208,51644,9543722,/m/02pjfgv,Full of It,2007-03-02,486722.0,93.0,"{""/m/02h40lc"": ""English Language""}","{""/m/0hj3n2s"": ""Fantasy Comedy"", ""/m/01z4y"": ""Comedy"", ""/m/02b5_l"": ""Teen""}",South Africa,Africa
23236,51706,32552492,/m/0bvstpq,Winnie,2011-09-16,,104.0,"{""/m/0nl8g"": ""Xhosa Language"", ""/m/0t_2"": ""American English""}","{""/m/07s9rl0"": ""Drama"", ""/m/03q4nz"": ""World cinema""}",South Africa,Africa
23248,51734,27707376,/m/0c3vnhx,Schuks Tshabalala's Survival Guide to South Africa,2010-05-28,,,"{""/m/071dl"": ""South African English""}","{""/m/05p553"": ""Comedy film""}",South Africa,Africa
23433,52166,34983972,/m/0j66_kc,Z'har,2009-12-12,,78.0,"{""/m/064_8sq"": ""French Language"", ""/m/0jzc"": ""Arabic Language""}","{""/m/07s9rl0"": ""Drama""}",Algeria,Africa
23625,52561,3768444,/m/09z_0w,Mercenary for Justice,2006-04-25,,91.0,"{""/m/02h40lc"": ""English Language""}","{""/m/01jfsb"": ""Thriller"", ""/m/03btsm8"": ""Action/Adventure"", ""/m/0cq22f9"": ""Action Thrillers"", ""/m/02kdv5l"": ""Action"", ""/m/07s9rl0"": ""Drama""}",South Africa,Africa
23638,52586,23823057,/m/06_ww_q,Disgrace,2008-09-06,42122574.0,119.0,"{""/m/0nl8g"": ""Xhosa Language"", ""/m/0x82"": ""Afrikaans Language"", ""/m/0gndv"": ""Zulu Language"", ""/m/02h40lc"": ""English Language""}","{""/m/07s9rl0"": ""Drama""}",South Africa,Africa
23753,52826,28967686,/m/0dgq0j4,Soweto Green,1995-03-24,,100.0,{},"{""/m/05p553"": ""Comedy film"", ""/m/02l7c8"": ""Romance Film""}",South Africa,Africa
23890,53138,25879809,/m/04_smhx,Omar & Salma,2007-06-06,,,"{""/m/0jzc"": ""Arabic Language""}","{""/m/02l7c8"": ""Romance Film""}",Egypt,Africa
23892,53140,25336049,/m/09g7xyn,Delwende,2005-05-13,,90.0,{},"{""/m/07s9rl0"": ""Drama""}",Burkina Faso,Africa
23955,53270,34878688,/m/0j44kj_,Angus Buchan's Ordinary People,2012-04-05,,115.0,"{""/m/02h40lc"": ""English Language""}","{""/m/07s9rl0"": ""Drama""}",South Africa,Africa
24130,53683,35348995,/m/0j9kl5f,Normal!,2011-10-28,,111.0,"{""/m/0jzc"": ""Arabic Language""}","{""/m/07s9rl0"": ""Drama""}",Algeria,Africa
24203,53856,34953586,/m/0j4337g,Anger of the Gods,2003-05-16,,95.0,"{""/m/064_8sq"": ""French Language""}","{""/m/07s9rl0"": ""Drama""}",Burkina Faso,Africa
24256,53972,23732217,/m/06zsvsq,Return of a Citizen,1986-10-13,,,"{""/m/0jzc"": ""Arabic Language""}","{""/m/07s9rl0"": ""Drama""}",Egypt,Africa
24336,54148,24491625,/m/080k99d,Destiny,1997-05-09,,135.0,"{""/m/0jzc"": ""Arabic Language""}","{""/m/02l7c8"": ""Romance Film"", ""/m/04t36"": ""Musical"", ""/m/01z4y"": ""Comedy"", ""/m/03hn0"": ""Historical drama""}",Egypt,Africa
24551,54618,18416097,/m/04f5h76,Hassan and Marcus,2008-08-01,,112.0,"{""/m/0jzc"": ""Arabic Language"", ""/m/034f9_"": ""Egyptian Arabic""}","{""/m/07s9rl0"": ""Drama""}",Egypt,Africa
24936,55522,23463876,/m/06w6vcm,Asef Ala Al Izaag,2008-07-23,,115.0,"{""/m/0jzc"": ""Arabic Language""}","{""/m/02n4kr"": ""Mystery"", ""/m/07s9rl0"": ""Drama"", ""/m/01z4y"": ""Comedy""}",Egypt,Africa
24942,55534,25717721,/m/09v72cj,Hassan and Nayima,1959-10-18,,104.0,{},"{""/m/02l7c8"": ""Romance Film"", ""/m/07s9rl0"": ""Drama""}",Egypt,Africa
25207,56123,10568132,/m/02qh_bt,Nahr al-Hob,1960-12-12,,120.0,"{""/m/0jzc"": ""Arabic Language""}","{""/m/02l7c8"": ""Romance Film""}",Egypt,Africa
25401,56557,31727546,/m/0dj9zxj,The First Grader,2010-09-04,714722.0,105.0,"{""/m/02h40lc"": ""English Language""}","{""/m/03bxz7"": ""Biographical film"", ""/m/07s9rl0"": ""Drama""}",Kenya,Africa
25533,56863,2103169,/m/06m9yj,Red Scorpion,1989-04-19,4192440.0,102.0,"{""/m/02h40lc"": ""English Language""}","{""/m/0cq22f9"": ""Action Thrillers"", ""/m/01jfsb"": ""Thriller"", ""/m/02kdv5l"": ""Action"", ""/m/03btsm8"": ""Action/Adventure""}",South Africa,Africa
25666,57144,3624365,/m/09qnl9,Tsotsi,2005-12-23,9879971.0,94.0,"{""/m/0nl8g"": ""Xhosa Language"", ""/m/0x82"": ""Afrikaans Language"", ""/m/0gndv"": ""Zulu Language"", ""/m/01vp3n"": ""Sotho language"", ""/m/02h40lc"": ""English Language""}","{""/m/0lsxr"": ""Crime Fiction"", ""/m/07s9rl0"": ""Drama"", ""/m/03q4nz"": ""World cinema"", ""/m/0hj3n01"": ""Crime Drama""}",South Africa,Africa
25835,57509,16451841,/m/03y4nzy,Flashbacks of a Fool,2008-04-18,1107542.0,110.0,"{""/m/02h40lc"": ""English Language""}","{""/m/07s9rl0"": ""Drama"", ""/m/0219x_"": ""Indie""}",South Africa,Africa
25944,57762,3136201,/m/08trw5,Lion of the Desert,1981-04-17,,163.0,"{""/m/02h40lc"": ""English Language""}","{""/m/082gq"": ""War film"", ""/m/06l3bl"": ""Epic"", ""/m/03btsm8"": ""Action/Adventure"", ""/m/05swd"": ""Propaganda film"", ""/m/0hj3mws"": ""Biopic [feature]"", ""/m/07s9rl0"": ""Drama"", ""/m/03bxz7"": ""Biographical film"", ""/m/0hj3n6f"": ""Historical Epic"", ""/m/0hj3mz0"": ""Combat Films""}",Libya,Africa
26407,58807,12205532,/m/02vvtgl,Paljas,1998-01-23,,,"{""/m/0x82"": ""Afrikaans Language""}","{""/m/02h8pkk"": ""Family Drama"", ""/m/07s9rl0"": ""Drama""}",South Africa,Africa
26410,58817,12496727,/m/02w90vl,Flood,2007-04-09,,185.0,"{""/m/02h40lc"": ""English Language""}","{""/m/03btsm8"": ""Action/Adventure"", ""/m/01jfsb"": ""Thriller"", ""/m/01drsx"": ""Disaster"", ""/m/02kdv5l"": ""Action"", ""/m/07s9rl0"": ""Drama""}",South Africa,Africa
26614,59259,28995043,/m/07yxzd3,The Traveller,2009-09-10,,125.0,"{""/m/0jzc"": ""Arabic Language"", ""/m/034f9_"": ""Egyptian Arabic""}","{""/m/068d7h"": ""Romantic drama"", ""/m/02l7c8"": ""Romance Film"", ""/m/07s9rl0"": ""Drama"", ""/m/03q4nz"": ""World cinema""}",Egypt,Africa
26700,59454,23395906,/m/06w8454,Adieu Bonaparte,1985-05-17,,115.0,"{""/m/064_8sq"": ""French Language"", ""/m/0jzc"": ""Arabic Language""}","{""/m/03hn0"": ""Historical drama""}",Egypt,Africa
26725,59522,25348781,/m/09gjp__,Time,1999-12-03,,,"{""/m/07c9s"": ""Tamil Language""}","{""/m/02hmvc"": ""Short Film"", ""/m/06n90"": ""Science Fiction"", ""/m/07s9rl0"": ""Drama""}",South Africa,Africa
26862,59835,568666,/m/02qz53,The Stranger,1967-10-14,,104.0,"{""/m/064_8sq"": ""French Language"", ""/m/02bjrlw"": ""Italian Language""}","{""/m/07s9rl0"": ""Drama"", ""/m/03q4nz"": ""World cinema"", ""/m/060__y"": ""Film adaptation""}",Algeria,Africa
27117,60370,34953991,/m/0j46hcd,Le Déchaussé,2003-08-08,,35.0,"{""/m/064_8sq"": ""French Language""}","{""/m/02hmvc"": ""Short Film""}",Senegal,Africa
27257,60696,34933965,/m/0j46040,Abandon de poste,2010-06-22,,15.0,"{""/m/064_8sq"": ""French Language""}","{""/m/02hmvc"": ""Short Film"", ""/m/01hmnh"": ""Fantasy""}",Morocco,Africa
27465,61205,35012613,/m/0j62g2f,Jazz Mama,2010-10-20,,30.0,"{""/m/064_8sq"": ""French Language""}","{""/m/02hmvc"": ""Short Film"", ""/m/0jtdp"": ""Documentary""}",Democratic Republic of the Congo,Africa
27616,61571,25322985,/m/09gdmzz,The Gate of Sun,2004-05-18,,278.0,{},"{""/m/02l7c8"": ""Romance Film"", ""/m/07s9rl0"": ""Drama"", ""/m/082gq"": ""War film""}",Egypt,Africa
27616,61571,25322985,/m/09gdmzz,The Gate of Sun,2004-05-18,,278.0,{},"{""/m/02l7c8"": ""Romance Film"", ""/m/07s9rl0"": ""Drama"", ""/m/082gq"": ""War film""}",Morocco,Africa
27617,61574,34982234,/m/0j62lk8,Talfaza Jaya,2006-07-18,,95.0,{},"{""/m/05p553"": ""Comedy film""}",Tunisia,Africa
28294,63045,3373582,/m/0987tg,The Boys of Baraka,2005-11-30,,84.0,"{""/m/02h40lc"": ""English Language""}","{""/m/02jfc"": ""Education"", ""/m/0hj3n07"": ""Culture & Society"", ""/m/075fzd"": ""Social issues"", ""/m/0jtdp"": ""Documentary""}",Kenya,Africa
28368,63205,35004972,/m/0j65r_v,"Eldridge Cleaver, Black Panther",1970-08-24,,75.0,"{""/m/064_8sq"": ""French Language""}","{""/m/0jtdp"": ""Documentary""}",Algeria,Africa
28533,63589,4778690,/m/0cmw3v,Exodus Decoded,2006-04-16,,92.0,"{""/m/02h40lc"": ""English Language""}","{""/m/0jtdp"": ""Documentary""}",Egypt,Africa
29082,64811,10406957,/m/02qbz8r,Al-Zawjah al-Azra',1958-09-14,,,"{""/m/0jzc"": ""Arabic Language""}","{""/m/0lsxr"": ""Crime Fiction"", ""/m/02n4kr"": ""Mystery""}",Egypt,Africa
29137,64964,3119257,/m/08sp55,Doomsday,2008-03-14,22211426.0,105.0,"{""/m/02h40lc"": ""English Language""}","{""/m/01jfsb"": ""Thriller"", ""/m/06n90"": ""Science Fiction"", ""/m/094ddt"": ""Doomsday film"", ""/m/03p15s3"": ""Plague"", ""/m/03btsm8"": ""Action/Adventure"", ""/m/01drsx"": ""Disaster"", ""/m/02kdv5l"": ""Action""}",South Africa,Africa
29269,65227,34972884,/m/0hzg5l0,Mwansa the Great,2011-05-29,,23.0,{},"{""/m/02hmvc"": ""Short Film"", ""/m/07s9rl0"": ""Drama"", ""/m/03k9fj"": ""Adventure""}",Zambia,Africa
29478,65678,21425547,/m/05f9krw,The Leech,1956-01-09,,126.0,"{""/m/0jzc"": ""Arabic Language""}","{""/m/07s9rl0"": ""Drama"", ""/m/01g6gs"": ""Black-and-white""}",Egypt,Africa
29521,65775,6845157,/m/0gs7wq,Starship Troopers 3: Marauder,2008-07-19,,105.0,"{""/m/02h40lc"": ""English Language""}","{""/m/01jfsb"": ""Thriller"", ""/m/06n90"": ""Science Fiction"", ""/m/03npn"": ""Horror"", ""/m/03k9fj"": ""Adventure"", ""/m/03btsm8"": ""Action/Adventure"", ""/m/02kdv5l"": ""Action""}",South Africa,Africa
29580,65899,27773878,/m/0cc9v8n,Al-Mashbouh,1981-07-20,,125.0,"{""/m/0jzc"": ""Arabic Language""}","{""/m/02l7c8"": ""Romance Film""}",Egypt,Africa
29599,65931,35013030,/m/0j66q21,The Silver Fez,2009-12-10,,83.0,{},"{""/m/0jtdp"": ""Documentary""}",South Africa,Africa
30404,67727,35591483,/m/0jl0vp9,How to Steal 2 Million,2011-09-02,,88.0,"{""/m/02h40lc"": ""English Language""}","{""/m/0lsxr"": ""Crime Fiction"", ""/m/02n4kr"": ""Mystery"", ""/m/02kdv5l"": ""Action"", ""/m/07s9rl0"": ""Drama"", ""/m/01jfsb"": ""Thriller""}",South Africa,Africa
30580,68092,20777420,/m/0581vn8,District 9,2009-08-13,210816205.0,112.0,"{""/m/0gndv"": ""Zulu Language"", ""/m/0nl8g"": ""Xhosa Language"", ""/m/0x82"": ""Afrikaans Language"", ""/m/01vp3n"": ""Sotho language"", ""/m/02h40lc"": ""English Language"", ""/m/02fpb9"": ""Chewa language""}","{""/m/01jfsb"": ""Thriller"", ""/m/06n90"": ""Science Fiction"", ""/m/03q4nz"": ""World cinema"", ""/m/07s9rl0"": ""Drama"", ""/m/02kdv5l"": ""Action"", ""/m/0cq23f0"": ""Sci-Fi Adventure""}",South Africa,Africa
30658,68265,12060940,/m/02vnhzl,Beauty and the Beast,2005-07-26,,89.0,"{""/m/02h40lc"": ""English Language""}","{""/m/06n90"": ""Science Fiction"", ""/m/03npn"": ""Horror"", ""/m/03k9fj"": ""Adventure"", ""/m/03rzvv"": ""Romantic fantasy"", ""/m/03btsm8"": ""Action/Adventure"", ""/m/01hmnh"": ""Fantasy"", ""/m/02l7c8"": ""Romance Film"", ""/m/02kdv5l"": ""Action"", ""/m/0hqxf"": ""Family Film""}",South Africa,Africa
30747,68482,22863159,/m/063_942,Tell Me Who You Are,2009-05-21,,135.0,"{""/m/01gdq"": ""Bambara language""}","{""/m/0hj3nbk"": ""Marriage Drama"", ""/m/07s9rl0"": ""Drama"", ""/m/03q4nz"": ""World cinema""}",Mali,Africa
31657,70460,36724042,/m/07hjmc,Shark Attack 3: Megalodon,2002-11-26,,99.0,"{""/m/02h40lc"": ""English Language""}","{""/m/01hmnh"": ""Fantasy"", ""/m/0qdzd"": ""B-movie"", ""/m/03npn"": ""Horror"", ""/m/0hj3m_q"": ""Creature Film"", ""/m/06vxwl5"": ""Natural horror films""}",South Africa,Africa
31776,70702,14329861,/m/03d0q2c,Le Bal,1983-12-21,,110.0,{},"{""/m/04t36"": ""Musical"", ""/m/03hn0"": ""Historical drama""}",Algeria,Africa
32434,72222,29832117,/m/0c0n7jd,The String,2009-08-29,,92.0,"{""/m/064_8sq"": ""French Language"", ""/m/0jzc"": ""Arabic Language""}","{""/m/0hn10"": ""LGBT"", ""/m/03q4nz"": ""World cinema"", ""/m/0d63kt"": ""Gay"", ""/m/0bc42t_"": ""Gay Interest"", ""/m/07s9rl0"": ""Drama"", ""/m/04tkhfk"": ""Gay Themed""}",Tunisia,Africa
32699,72792,13514883,/m/03c7v1l,Shark Attack 2,2000-12-05,,93.0,"{""/m/02h40lc"": ""English Language""}","{""/m/01jfsb"": ""Thriller"", ""/m/06vxwl5"": ""Natural horror films"", ""/m/03npn"": ""Horror"", ""/m/03q4nz"": ""World cinema"", ""/m/03btsm8"": ""Action/Adventure"", ""/m/0qdzd"": ""B-movie"", ""/m/0cq22f9"": ""Action Thrillers"", ""/m/02kdv5l"": ""Action""}",South Africa,Africa
33021,73500,18357337,/m/04d_3k9,I Love Cinema,2004-06-09,,125.0,"{""/m/0jzc"": ""Arabic Language""}","{""/m/07s9rl0"": ""Drama"", ""/m/01z4y"": ""Comedy""}",Egypt,Africa
33266,74027,10862322,/m/02qsbkj,King Solomon's Mines,1985-11-22,14400000.0,100.0,"{""/m/02h40lc"": ""English Language""}","{""/m/0gf28"": ""Parody"", ""/m/03k9fj"": ""Adventure"", ""/m/03btsm8"": ""Action/Adventure"", ""/m/06nbt"": ""Satire"", ""/m/01z4y"": ""Comedy"", ""/m/02kdv5l"": ""Action""}",Zimbabwe,Africa
33675,74958,614828,/m/02wsmh,Divine Intervention,2002-05-19,,92.0,"{""/m/0jzc"": ""Arabic Language"", ""/m/03hkp"": ""Hebrew Language""}","{""/m/03q4nz"": ""World cinema"", ""/m/07s9rl0"": ""Drama"", ""/m/01z4y"": ""Comedy"", ""/m/068d7h"": ""Romantic drama"", ""/m/0vgkd"": ""Black comedy"", ""/m/02l7c8"": ""Romance Film""}",Morocco,Africa
33700,75011,8481623,/m/0274_ht,"Afrodita, el Jardín de Los Perfumes",1998-10-15,,91.0,"{""/m/01gdq"": ""Bambara language"", ""/m/06nm1"": ""Spanish Language""}","{""/m/07s9rl0"": ""Drama""}",Mali,Africa
33779,75181,5867940,/m/0f9x7r,Home of the Brave,2006-12-15,499620.0,106.0,"{""/m/0jzc"": ""Arabic Language"", ""/m/02h40lc"": ""English Language"", ""/m/06nm1"": ""Spanish Language""}","{""/m/07s9rl0"": ""Drama"", ""/m/082gq"": ""War film""}",Morocco,Africa
33983,75658,18418582,/m/04dywb0,24: Redemption,2008-11-23,,102.0,"{""/m/02h40lc"": ""English Language""}","{""/m/0cq22f9"": ""Action Thrillers"", ""/m/02kdv5l"": ""Action""}",South Africa,Africa
34030,75781,34953314,/m/0j42hcx,Juju Factory,2007-03-01,,97.0,"{""/m/064_8sq"": ""French Language""}","{""/m/07s9rl0"": ""Drama""}",Democratic Republic of the Congo,Africa
34198,76131,3100181,/m/08rdrs,The Big Journey,2004-09-07,,105.0,"{""/m/0jzc"": ""Arabic Language"", ""/m/02bjrlw"": ""Italian Language"", ""/m/064_8sq"": ""French Language"", ""/m/06x8y"": ""Serbo-Croatian"", ""/m/01bkv"": ""Bulgarian Language"", ""/m/02hwyss"": ""Turkish Language"", ""/m/02h40lc"": ""English Language""}","{""/m/07s9rl0"": ""Drama"", ""/m/01j1n2"": ""Coming of age"", ""/m/03q4nz"": ""World cinema""}",Morocco,Africa
34202,76137,21743705,/m/05mqfdd,The Objective,2009-02-06,,91.0,"{""/m/02h40lc"": ""English Language""}","{""/m/01jfsb"": ""Thriller"", ""/m/06n90"": ""Science Fiction"", ""/m/03npn"": ""Horror"", ""/m/0fdjb"": ""Supernatural"", ""/m/09blyk"": ""Psychological thriller"", ""/m/082gq"": ""War film"", ""/m/02kdv5l"": ""Action""}",Morocco,Africa
34326,76410,17832555,/m/047bc7k,The Baby Doll Night,2008-05-20,,180.0,"{""/m/0jzc"": ""Arabic Language""}","{""/m/07s9rl0"": ""Drama""}",Egypt,Africa
34661,77140,34933447,/m/0fpq3qn,The Mosque,2010-09-04,,85.0,"{""/m/0jzc"": ""Arabic Language""}","{""/m/05p553"": ""Comedy film"", ""/m/07s9rl0"": ""Drama""}",Morocco,Africa
34712,77246,13458759,/m/03c5_2k,Big Fellas,2007-11-23,,85.0,"{""/m/02h40lc"": ""English Language""}","{""/m/01z4y"": ""Comedy""}",South Africa,Africa
34909,77682,35002689,/m/0j65tyn,"Amour, sexe et mobylette",2008-11-13,,95.0,"{""/m/064_8sq"": ""French Language""}","{""/m/0jtdp"": ""Documentary""}",Burkina Faso,Africa
34939,77742,16957963,/m/0413cff,Motherland,2010-02-23,,118.0,"{""/m/0jzc"": ""Arabic Language"", ""/m/0gndv"": ""Zulu Language"", ""/m/02hw_03"": ""Akan Language"", ""/m/03ph1"": ""Hausa Language"", ""/m/0nj_l"": ""Amharic Language"", ""/m/071fb"": ""Swahili Language"", ""/m/02h40lc"": ""English Language""}","{""/m/01jfsb"": ""Thriller"", ""/m/0lsxr"": ""Crime Fiction"", ""/m/017fp"": ""Biography"", ""/m/0219x_"": ""Indie"", ""/m/0hj3n07"": ""Culture & Society"", ""/m/07s9rl0"": ""Drama"", ""/m/0hj3n8h"": ""Interpersonal Relationships"", ""/m/02qfv5d"": ""Political thriller"", ""/m/02xh1"": ""Film noir"", ""/m/0jtdp"": ""Documentary""}",South Africa,Africa
34939,77742,16957963,/m/0413cff,Motherland,2010-02-23,,118.0,"{""/m/0jzc"": ""Arabic Language"", ""/m/0gndv"": ""Zulu Language"", ""/m/02hw_03"": ""Akan Language"", ""/m/03ph1"": ""Hausa Language"", ""/m/0nj_l"": ""Amharic Language"", ""/m/071fb"": ""Swahili Language"", ""/m/02h40lc"": ""English Language""}","{""/m/01jfsb"": ""Thriller"", ""/m/0lsxr"": ""Crime Fiction"", ""/m/017fp"": ""Biography"", ""/m/0219x_"": ""Indie"", ""/m/0hj3n07"": ""Culture & Society"", ""/m/07s9rl0"": ""Drama"", ""/m/0hj3n8h"": ""Interpersonal Relationships"", ""/m/02qfv5d"": ""Political thriller"", ""/m/02xh1"": ""Film noir"", ""/m/0jtdp"": ""Documentary""}",Ethiopia,Africa
34990,77867,10825522,/m/02qr6jv,Brideshead Revisited,2008-07-25,13204291.0,134.0,"{""/m/064_8sq"": ""French Language"", ""/m/0jzc"": ""Arabic Language"", ""/m/02bjrlw"": ""Italian Language"", ""/m/04h9h"": ""Latin Language"", ""/m/02h40lc"": ""English Language""}","{""/m/0hn10"": ""LGBT"", ""/m/04xvlr"": ""Period piece"", ""/m/07s9rl0"": ""Drama"", ""/m/060__y"": ""Film adaptation"", ""/m/068d7h"": ""Romantic drama"", ""/m/02l7c8"": ""Romance Film""}",Morocco,Africa
35037,77961,29650834,/m/0fq2d51,Safe House,2012-02-10,202482728.0,115.0,"{""/m/02h40lc"": ""English Language""}","{""/m/03btsm8"": ""Action/Adventure"", ""/m/0lsxr"": ""Crime Fiction"", ""/m/02kdv5l"": ""Action"", ""/m/01jfsb"": ""Thriller"", ""/m/02n4kr"": ""Mystery""}",South Africa,Africa
35358,78672,28075156,/m/0cmdwd6,Kimberley Jim,1966-06-05,,81.0,"{""/m/02h40lc"": ""English Language""}","{""/m/04t36"": ""Musical"", ""/m/01z4y"": ""Comedy""}",South Africa,Africa
35873,79810,34954328,/m/0j42dc7,Les Anges de Satan,2007-02-01,,85.0,"{""/m/064_8sq"": ""French Language"", ""/m/0jzc"": ""Arabic Language""}","{""/m/07s9rl0"": ""Drama""}",Morocco,Africa
36051,80200,3471159,/m/09f7lw,In My Country,2005-03-11,1491434.0,103.0,"{""/m/02h40lc"": ""English Language""}","{""/m/068d7h"": ""Romantic drama"", ""/m/02l7c8"": ""Romance Film"", ""/m/07s9rl0"": ""Drama"", ""/m/03mqtr"": ""Political drama""}",South Africa,Africa
36137,80397,23569549,/m/06w2ydj,La dernière image,1986-11-19,,195.0,"{""/m/064_8sq"": ""French Language""}","{""/m/07s9rl0"": ""Drama"", ""/m/01t_vv"": ""Comedy-drama""}",Algeria,Africa
36617,81397,24164394,/m/07kcx7c,Bab El-Oued City,1994-11-10,,93.0,"{""/m/0jzc"": ""Arabic Language""}","{""/m/07s9rl0"": ""Drama"", ""/m/01z4y"": ""Comedy"", ""/m/03q4nz"": ""World cinema"", ""/m/03mqtr"": ""Political drama""}",Algeria,Africa
